<?xml version="1.0"?> 
<config>
    <menu>
            <vesextensions module="ves_productcarousel3">
                <title>VenusTheme</title>
                <sort_order>51</sort_order>
                <children>
                    <productcarousel3 translate="title" module="ves_productcarousel3">
                        <title>Ves Product Carousel3</title>
                        <children>
                             
                            <configuration translate="title" module="ves_productcarousel3">
                                <title>Configuration</title>
                                <sort_order>2</sort_order>
                                <action>adminhtml/system_config/edit/section/ves_productcarousel3</action>
                            </configuration>
                        </children>
                    </productcarousel3>
                </children>
            </vesextensions>
        </menu>
		<acl>
            <resources>
                <admin>
                    <children>
                        <vesextensions module="ves_productcarousel3">
                            <title>VenusTheme</title>
                            <sort_order>51</sort_order>
                            <children>
                                <productcarousel3 translate="title" module="ves_productcarousel3">
                                    <title>Ves Product Carousel3</title>
                                    <children>
                                         
                                        <configuration translate="title" module="ves_productcarousel3">
                                            <title>Configuration</title>
                                            <sort_order>2</sort_order>
                                            <action>adminhtml/system_config/edit/section/ves_productcarousel3</action>
                                        </configuration>
                                    </children>
                                </productcarousel3>
                            </children>
                        </vesextensions>
                        <system>
                            <children>
                                <config>
                                    <children>
                                        <ves_productcarousel3>
                                            <title>Ves Product Carousel3</title>
                                        </ves_productcarousel3>
                                    </children>
                                </config>
                            </children>
                        </system>
                    </children>
                </admin>
            </resources>
        </acl>
        <translate>
			<modules>
				<Ves_ProductCarousel3>
					<files>
						<default>Ves_ProductCarousel3.csv</default>
					</files>
				</Ves_ProductCarousel3>
			</modules>
		</translate>
</config>